{
    "documentType": "Payslip",
    "fields": [
      {
        "name": "Total Earnings",
        "type": "float",
        "description": "Give a decimal number, infer from the document by summing up the columns if not available"
      },
      {
        "name": "Total Deductions",
        "type": "float",
        "description": "Give a decimal number, infer from the document by summing up the columns if not available"
      },
      {
        "name": "Net Pay",
        "type": "float",
        "description": "Give a decimal number, infer from the document if not available"
      }
    ]
  }