{
  "documentType": "Payslip",
  "fields": [
      {
          "name": "Name",
          "type": "string",
          "description": "The name of the person who is receiving the salary"
      },
      {
          "name": "Brutto Salary",
          "type": "float",
          "description": "The amount of money the person is receiving before taxes or any deductions are made"
      },
      {
          "name": "Netto Salary",
          "type": "float",
          "description": "The amount of money the person is receiving after taxes and deductions are made"
      }
  ],
  "additionalInstructions": "If you are unsure about the fields, leave the fields empty and we will fill them in for you"
}