{
    "documentType": "Payslip",
    "fields": [
        {
            "name": "currency",
            "type": "string",
            "description": "it can be assumed that if a currency symbol or a currency is mentioned in the document, then return the corresponding currency. If the currency is euro, then return 'euro'."
        },
        {
            "name": "employee_initial",
            "type": "string",
            "description": "only extract if provided based on employee information. Avoid honorifics such as 'Mevrouw, Meneer, Heer'."
        },
        {
            "name": "employee_first_name",
            "type": "string",
            "description": "usually can be found above the address details of the employee. Avoid honorifics such as 'Mevrouw, Meneer, Heer'."
        },
        {
            "name": "employee_last_name",
            "type": "string",
            "description": "usually can be found above the address details of the employee."
        },
        {
            "name": "employer_name",
            "type": "string",
            "description": "usually can be found in the address details of the employer."
        },
        {
            "name": "employer_city",
            "type": "string",
            "description": "avoid extracting the city of the employee, usually can be found in the address details of the employer."
        },
        {
            "name": "employer_country",
            "type": "string",
            "description": "only extract if explicitly given in the employer address details, do not confuse with country of residence of employee."
        },
        {
            "name": "employment_end_date",
            "type": "string",
            "description": "only extract if employment end date is explicitly given, usuually given by 'datum uit dienst'. If einddatum is mentioned, do not extract if it refers to end of the salary month."
        },
        {
            "name": "salary_date",
            "type": "string",
            "description": "return as the date of the first day of the period for which the employee receives the salary. For example: if the salary is paid monthly and period January 2024 is given, then the salary date is '2024-01-01'."
        },
        {
            "name": "salary_period",
            "type": "string",
            "description": "frequency in which the salary is paid, pick from [weekly, four-weekly or monthly]."
        },
        {
            "name": "base_salary_amount",
            "type": "float",
            "description": "extract the base contract salary / stem salary / full-time wage amount. ONLY return if a base salary is explicitly mentioned. If you are not sure, return unknown. Never extract an hourly or yearly wage. Never extract a net salary (nettoloon)."
        },
        {
            "name": "part_time_percentage",
            "type": "float",
            "description": "percentage of hours worked compared to full time employment, sometimes written down as deeltijd factor, part time factor, part time % or similar names. Extract as percentage without adding the % symbol."
        },
        {
            "name": "salaryslip_salary_amount",
            "type": "float",
            "description": "extract the basic salary of the salaryslip period, so NOT including any additions (like bijtellingen, overuren or uitbetalingen). Usually denoted by salaris, loon or loon uit uren gewerkt. Include salary for sick leave. Never extract a net salary (nettoloon)."
        },
        {
            "name": "pension_contribution_amount",
            "type": "float",
            "description": "general contribution to pension. Denoted by either: a general key such as pensioen or pensioenpremie OR a combination of pensions, for example old age pension and survivors pension (premie OP/NP). Do not add different pensions together."
        },
        {
            "name": "old_age_pension_amount",
            "type": "float",
            "description": "specific pension contrubtion, usually denoted by ouderdomspensioen or OP. If this is defined, than pension_contribution_amount must be unknown."
        },
        {
            "name": "survivors_pension_amount",
            "type": "float",
            "description": "specific pension contribution for partner in case of death, usually denoted by NP (nabestaandenpensioen) or PP (partnerpensioen)."
        },
        {
            "name": "wia_insurance_amount",
            "type": "float",
            "description": "only extract if denoted by 'WIA excedent'. Do not extract if 'excedent' is not mentioned."
        },
        {
            "name": "wga_insurance_amount",
            "type": "float",
            "description": "only extract if denoted by 'WGA hiaat'. Do not extract if 'hiaat' is not mentioned."
        },
        {
            "name": "disability_insurance_amount",
            "type": "float",
            "description": "always denoted by Arbeidsongeschiktheidsverzekering or AOV / AO."
        },
        {
            "name": "anw_insurance_amount",
            "type": "float",
            "description": "denoted by premie ANW or algemene nabestaandenwet."
        },
        {
            "name": "paww_insurance_amount",
            "type": "float",
            "description": "denoted by premie PAWW / SPAWW or 'private aanvulling WW en WGA'."
        }
    ]
}