{
    "documentType": "Payslip",
    "fields": [
        {
            "name": "Name",
            "type": "string",
            "description": "The name of the person who is receiving the salary, if the name is not present then please return a javascript null value"
        },
        {
            "name": "Date",
            "type": "string",
            "description": "The period of time the payslip is covering, usually a month the foramt should be YYYY-MM"
        },
        {
            "name": "Brutto Salary",
            "type": "float",
            "description": "The total amount of money the person is receiving before taxes or any deductions are made, this number is float and the format should be with 2 decimal places, if the number is not explicitly mentioned in the payslip then please return a javascript null value"
        },
        {
            "name": "Netto Salary",
            "type": "float",
            "description": "The total amount of money the person is receiving after taxes and deductions are made, this number is float and the format should be with 2 decimal places, if the number is not explicitly mentioned in the payslip then please return a javascript null value"
        }
    ],
    "additionalInstructions": "If you are unsure about the fields, or if the information is not present then please retun a  javascript null value."
}